<?xml version="1.0" encoding="utf-8"?>
<LinearLayout xmlns:android="http://schemas.android.com/apk/res/android"
    android:orientation="vertical"
    android:layout_width="fill_parent"
    android:layout_height="fill_parent"
    >
<TextView  
    android:layout_width="fill_parent" 
    android:layout_height="wrap_content" 
    android:text="@string/hello"
    />

<TextView  
    android:id="@+id/Connected"
    android:layout_width="fill_parent" 
    android:layout_height="wrap_content" 
    />
    
<TextView  
    android:layout_width="fill_parent" 
    android:layout_height="wrap_content" 
    android:text="My Wifi IP:"
    />
<TextView  
    android:id="@+id/Ip"
    android:layout_width="fill_parent" 
    android:layout_height="wrap_content" 
    />
<TextView  
    android:layout_width="fill_parent" 
    android:layout_height="wrap_content" 
    android:text="SSID:"
    />
<TextView  
    android:id="@+id/Ssid"
    android:layout_width="fill_parent" 
    android:layout_height="wrap_content" 
    />
<TextView  
    android:layout_width="fill_parent" 
    android:layout_height="wrap_content" 
    android:text="BSSID:"
    />
<TextView  
    android:id="@+id/Bssid"
    android:layout_width="fill_parent" 
    android:layout_height="wrap_content" 
    />

<TextView  
    android:layout_width="fill_parent" 
    android:layout_height="wrap_content" 
    android:text="Speed:"
    />
<TextView  
    android:id="@+id/Speed"
    android:layout_width="fill_parent" 
    android:layout_height="wrap_content" 
    />
<TextView  
    android:layout_width="fill_parent" 
    android:layout_height="wrap_content" 
    android:text="Rssi:"
    />
<TextView  
    android:id="@+id/Rssi"
    android:layout_width="fill_parent" 
    android:layout_height="wrap_content" 
    />
    
<TextView  
    android:layout_width="fill_parent" 
    android:layout_height="wrap_content" 
    android:text="MAC:"
    />
<TextView  
    android:id="@+id/Mac"
    android:layout_width="fill_parent" 
    android:layout_height="wrap_content" 
    />
</LinearLayout>
